-- * groups * (group_id, group_name, group_type, parent_id, created_time, created_by, updated_time, updated_by, deleted_time, deleted_by)
INSERT INTO groups(group_id, group_name, group_type, parent_id) VALUES (1, 'test group', 2, null);

-- * organisation * (id, group_id, organisation_id, name, deleted_time, pool_size, sms_sender_name, allow_custom_uri_without_domain, sms_callback_url)
-- default user org
INSERT INTO organisation (id, organisation_id, name, pool_size, group_id, allow_custom_uri_without_domain) VALUES (1, 'user-org-pool', 'default user org', 10, 1, 1);
-- not allowed org
INSERT INTO organisation (id, organisation_id, name, group_id) VALUES (2, 'not-user-org', 'user not allowed org', 1);
-- new provisioner org
INSERT INTO organisation (id, organisation_id, name, group_id) VALUES (3, 'new-provisioner-org', 'new provisioner org', 1);
-- pool overflow org
INSERT INTO organisation (id, organisation_id, name, pool_size, group_id) VALUES (4, 'overflow', 'overflow pool org', 10, 1);


-- * meeting_users * (id, organisation_id, email)
INSERT INTO meeting_users (id, organisation_id, email) VALUES (101,  2, 'not-in-user-org@user101.dk');
INSERT INTO meeting_users (id, organisation_id, email) VALUES (102,  1, 'in-user-org@user102.dk');
INSERT INTO meeting_users (id, organisation_id, email) VALUES (103,  2, 'other-user-in-org@user103.dk');
-- testing scheduling-info-provision
INSERT INTO meeting_users (id, organisation_id, email) VALUES (104,  3, 'new-provisioner-user@user104.dk');


-- * scheduling_template * (id, organisation_id, conferencing_sys_id, uri_prefix, uri_domain, host_pin_required, host_pin_range_low, host_pin_range_high, guest_pin_required, guest_pin_range_low, guest_pin_range_high, vmravailable_before, max_participants, end_meeting_on_end_time, uri_number_range_low, uri_number_range_high, ivr_theme, is_default_template, created_by, updated_by, deleted_by, created_time, updated_time, deleted_time, vmr_type, host_view, guest_view, vmr_quality, enable_overlay_text, guests_can_present, force_presenter_into_main, force_encryption, mute_all_guests, custom_portal_guest, custom_portal_host, return_url, is_pool_template, direct_media)
-- Get scheduling template + post scheduling info, default scheduling template
INSERT INTO scheduling_template (id, organisation_id, conferencing_sys_id, uri_prefix, uri_domain, host_pin_required, host_pin_range_low, host_pin_range_high, guest_pin_required, guest_pin_range_low, guest_pin_range_high, vmravailable_before, max_participants, end_meeting_on_end_time, uri_number_range_low, uri_number_range_high, ivr_theme, is_default_template, created_by, updated_by, deleted_by, created_time, updated_time, deleted_time, vmr_type, host_view, guest_view, vmr_quality, enable_overlay_text, guests_can_present, force_presenter_into_main, force_encryption, mute_all_guests, custom_portal_guest, custom_portal_host, return_url, is_pool_template, direct_media)
    VALUES (201, 1, 22, 'default', 'def-test.dk', 1, 1000, 9100, 0, 1001, 9911, 10, 15, 1, 1001, 9991, '/api/admin/configuration/v1/ivr_theme/10/', true, 101, 103, null, '2020-10-02 14:45:00', '2021-10-02 14:45:00', null, 'conference', 'one_main_zero_pips', 'one_main_twentyone_pips', 'sd', 1, 0, 1, 0, 1, 'custom.portal/guest', 'custom.portal/host', 'return-url', 0, 'best_effort');
-- Not in default user org, in new provisioner org
INSERT INTO scheduling_template (id, organisation_id, conferencing_sys_id, uri_prefix, uri_domain, host_pin_required, host_pin_range_low, host_pin_range_high, guest_pin_required, guest_pin_range_low, guest_pin_range_high, vmravailable_before, max_participants, end_meeting_on_end_time, uri_number_range_low, uri_number_range_high, ivr_theme, is_pool_template, direct_media)
    VALUES (202, 3, 23, 'other-org', 'other-test.dk', 1, 1001, 9101, 0, 1002, 9912, 20, 25, 1, 1002, 9992, '/api/admin/configuration/v1/ivr_theme/20/', false, 'never');
-- Delete scheduling template
INSERT INTO scheduling_template (id, organisation_id, conferencing_sys_id, uri_prefix, uri_domain, host_pin_required, host_pin_range_low, host_pin_range_high, guest_pin_required, guest_pin_range_low, guest_pin_range_high, vmravailable_before, max_participants, end_meeting_on_end_time, uri_number_range_low, uri_number_range_high, ivr_theme, is_pool_template, direct_media)
    VALUES (203, 1, 24, 'delete', 'del-test.dk', 1, 1002, 9102, 0, 1003, 9913, 30, 35, 1, 1003, 9993, '/api/admin/configuration/v1/ivr_theme/30/', false, 'never');
-- Put scheduling template
INSERT INTO scheduling_template (id, organisation_id, conferencing_sys_id, uri_prefix, uri_domain, host_pin_required, host_pin_range_low, host_pin_range_high, guest_pin_required, guest_pin_range_low, guest_pin_range_high, vmravailable_before, max_participants, end_meeting_on_end_time, uri_number_range_low, uri_number_range_high, ivr_theme, created_by, is_pool_template, direct_media)
    VALUES (204, 1, 25, 'put', 'put-test.dk', 0, 1003, 9103, 1, 1004, 9914, 40, 45, 0, 1004, 9994, '/api/admin/configuration/v1/ivr_theme/40/', 102, false, 'never');


-- * meetings * (id, uuid, subject, organisation_id, created_by, start_time, end_time, description, organized_by, project_code, updated_by, created_time, updated_time, short_id, external_id, guest_microphone, guest_pin_required)
INSERT INTO meetings (id, uuid, subject, organisation_id, created_by, start_time, end_time, description, project_code, organized_by, updated_by, updated_time, created_time, short_id, external_id)
    VALUES (301, '7cc82183-0d47-439a-a00c-38f7a5a01fc8', 'Get this meeting', 1, 102, '2024-10-02 15:00:00', '2500-11-02 16:00:00', 'Mødebeskrivelse 2', 'PRJCDE1', 102, 102, '2018-09-02 15:00:00', '2018-09-02 15:00:00', substr(sha2(uuid, 256), 1, 12), "external_id");
INSERT INTO meetings (id, uuid, subject, organisation_id, created_by, start_time, end_time, description, project_code, organized_by, updated_by, updated_time, created_time, short_id)
    VALUES (302, '7cc82183-0d47-439a-a00c-38f7a5a01fc9', 'Get this meeting', 1, 102, '2018-11-04 15:00:00', '2018-11-04 16:00:00', 'Mødebeskrivelse 4', 'PRJCDE1', 102, 102, '2018-09-02 15:00:00', '2018-09-02 15:00:00', substr(sha2(uuid, 256), 1, 12));
-- 'forbidden' GET meeting
INSERT INTO meetings (id, uuid, subject, organisation_id, created_by, start_time, end_time, description, project_code, organized_by, updated_by, updated_time, created_time, short_id, external_id)
    VALUES (303, '7cc82183-0d47-439a-a00c-38f7a5a01fc1', 'Get this meeting', 2, 103, '2019-10-02 15:00:00', '2019-10-02 16:00:00', 'Mødebeskrivelse 7', 'PRJCDE1', 101, NULL, NULL, NULL, substr(sha2(uuid, 256), 1, 12), 'another_external_id');
INSERT INTO meetings (id, uuid, subject, organisation_id, created_by, start_time, end_time, description, project_code, organized_by, updated_by, updated_time, created_time, short_id, external_id, guest_microphone)
    VALUES (304, '7cc82183-0d47-439a-a00c-38f7a5a01fc2', 'Mic is muted meeting', 1, 103, '2024-10-02 15:00:00', '2019-10-02 16:00:00', 'Mødebeskrivelse 8', 'PRJCDE1', 101, NULL, NULL, NULL, substr(sha2(uuid, 256), 1, 12), 'external_id_1', "muted");
INSERT INTO meetings (id, uuid, subject, organisation_id, created_by, start_time, end_time, description, project_code, organized_by, updated_by, updated_time, created_time, short_id, external_id)
    VALUES (305, '7cc82183-0d47-439a-a00c-38f7a5a01fc3', 'Mic is null meeting', 1, 103, '2019-10-02 15:00:00', '2019-10-02 16:00:00', 'Mødebeskrivelse 8', 'PRJCDE1', 101, NULL, NULL, NULL, substr(sha2(uuid, 256), 1, 12), 'external_id_2');
INSERT INTO meetings (id, uuid, subject, organisation_id, created_by, start_time, end_time, description, project_code, organized_by, updated_by, updated_time, created_time, short_id, external_id)
    VALUES (306, '7cc82183-0d47-439a-a00c-38f7a5a01fc4', 'Get by uri 4005', 1, 103, '2020-10-02 15:00:00', '2500-10-02 16:00:00', 'Get this meeting by uri 4005', 'PRJCDE1', 101, NULL, NULL, NULL, substr(sha2(uuid, 256), 1, 12), 'external_id_3');
-- Not acceptable exception when delete meeting
INSERT INTO meetings (id, uuid, subject, organisation_id, created_by, start_time, end_time, description, project_code, organized_by, updated_by, updated_time, created_time, short_id)
    VALUES (307, '7cc82183-0d47-439a-a00c-38f7a5a01fc5', 'Provisioned_ok meeting', 1, 101, '2018-10-02 15:00:00', '2018-10-02 16:00:00', 'Mødebeskrivelse 1', 'PRJCDE1', 101, 101, '2018-09-02 15:00:00', '2018-09-02 15:00:00', substr(sha2(uuid, 256), 1, 12));
INSERT INTO meetings (id, uuid, subject, organisation_id, created_by, start_time, end_time, description, project_code, organized_by, updated_by, updated_time, created_time, short_id)
    VALUES (308, uuid(), 'Not-using-new-provisioner', 2, 104, '2020-10-02 15:00:00', '2500-11-02 16:00:00', 'Mødebeskrivelse 12', 'PRJCDE1', 104, 104, '2018-09-02 15:00:00', '2018-09-02 15:00:00', substr(sha2(uuid, 256), 1, 12));
INSERT INTO meetings (id, uuid, subject, organisation_id, created_by, start_time, end_time , description, project_code, organized_by, updated_by, updated_time, created_time, short_id)
    VALUES (309, uuid(), 'Using-new-provisioner', 2, 104, '2020-10-02 15:00:00', '2500-11-02 16:00:00', 'Mødebeskrivelse 13', 'PRJCDE1', 104, 104, '2018-09-02 15:00:00', '2018-09-02 15:00:00', substr(sha2(uuid, 256), 1, 12));
-- Delete meeting
INSERT INTO meetings (id, uuid, subject, organisation_id, created_by, start_time, end_time, description, project_code, organized_by, updated_by, updated_time, created_time, short_id)
    VALUES (310, '8787faaa-9716-48aa-bbeb-703c2c312f1a', 'delete-meeting', 1, 103, '2020-10-02 15:00:00', '2500-11-02 16:00:00', 'Slet mødet', 'PRJCDE1', 101, 101, '2018-09-02 15:00:00', '2025-09-02 15:00:00', substr(sha2(uuid, 256), 1, 12));
-- Put meeting
INSERT INTO meetings (id, uuid, subject, organisation_id, created_by, start_time, end_time, description, project_code, organized_by, updated_by, updated_time, created_time, short_id)
    VALUES (311, 'd811eda7-79f0-46c4-9a75-19687423de80', 'put-meeting', 1, 103, '2020-10-02 15:00:00', '2500-11-02 16:00:00', 'Put mødet', 'PRJCDE1', 101, 101, '2018-09-02 15:00:00', '2025-09-02 15:00:00', substr(sha2(uuid, 256), 1, 12));
-- Patch meeting
INSERT INTO meetings (id, uuid, subject, organisation_id, created_by, start_time, end_time, description, project_code, organized_by, updated_by, updated_time, created_time, short_id)
    VALUES (312, 'a5c13cfb-4d67-475a-a77a-a62af1647c85', 'patch-meeting', 1, 103, '2020-10-02 15:00:00', '2500-11-02 16:00:00', 'Patch mødet', 'PRJCDE1', 101, 101, '2018-09-02 15:00:00', '2025-09-02 15:00:00', substr(sha2(uuid, 256), 1, 12));


-- * scheduling_info * (id, uuid, host_pin, guest_pin, vmravailable_before, vmrstart_time, max_participants, end_meeting_on_end_time, uri_with_domain, uri_without_domain, uri_domain, scheduling_template_id, provision_status, provision_timestamp, provisionvmrid, meetings_id, provision_status_description, portal_link, custom_portal_guest, custom_portal_host, return_url, ivr_theme, created_by, updated_by, created_time, updated_time, organisation_id, reservation_id, pool_overflow, pool, vmr_type, host_view, guest_view, vmr_quality, enable_overlay_text, guests_can_present, force_presenter_into_main, force_encryption, mute_all_guests, direct_media, new_provisioner)
-- Get scheduling info provision
INSERT INTO scheduling_info (id, uuid, host_pin, guest_pin, vmravailable_before, vmrstart_time, max_participants, end_meeting_on_end_time, uri_with_domain, uri_without_domain, scheduling_template_id, provision_status, provision_status_description, provision_timestamp,  provisionvmrid, meetings_id, portal_link, ivr_theme, created_by, created_time, updated_by, updated_time, organisation_id, pool_overflow, vmr_type, host_view, guest_view, vmr_quality, enable_overlay_text, guests_can_present, force_presenter_into_main, force_encryption, mute_all_guests, uri_domain, direct_media)
    VALUES (401, (select uuid from meetings where id = 301), 1001, 2001, 20, '2020-11-02 14:40:00', 10, 1, '4000@test.dk', '4000', 201, 'AWAITS_PROVISION', '', null, null, 301, 'https://portal-test.vconf.dk/?url=4000@test.dk&pin=2001&start_dato=2020-11-02T15:00:00&microphone=on', '/api/admin/configuration/v1/ivr_theme/10/', 102, '2018-09-02 15:00:00', 102, '2018-09-02 15:00:00', 2, 0, 'conference', 'one_main_seven_pips', 'one_main_seven_pips', 'hd', true, true, true, false, false, 'test.dk', 'never');
-- Get scheduling info deprovision
INSERT INTO scheduling_info (id, uuid, host_pin, guest_pin, vmravailable_before, vmrstart_time, max_participants, end_meeting_on_end_time, uri_with_domain, uri_without_domain, scheduling_template_id, provision_status, provision_status_description, provision_timestamp,  provisionvmrid, meetings_id, portal_link, ivr_theme, created_by, created_time, updated_by, updated_time, organisation_id, pool_overflow, vmr_type, host_view, guest_view, vmr_quality, enable_overlay_text, guests_can_present, force_presenter_into_main, force_encryption, mute_all_guests, uri_domain, custom_portal_guest, custom_portal_host, return_url, direct_media, new_provisioner)
    VALUES (402, (select uuid from meetings where id = 302), 1001, 2001, 15, '2018-10-02 14:45:00', 10, 1, '4001@test.dk', '4001', 202, 'PROVISIONED_OK', 'all ok', '2018-10-02 14:45:33', null, 302, 'https://portal-test.vconf.dk/?url=4001@test.dk&pin=2001&start_dato=2018-10-02T15:00:00&microphone=on', '/api/admin/configuration/v1/ivr_theme/10/', 104, '2018-09-02 15:00:00', NULL, NULL, 12, 0, 'conference', 'one_main_seven_pips', 'one_main_seven_pips', 'hd', true, true, true, false, false, 'test.dk', 'custom_portal_guest', 'custom_portal_host', 'return_url', 'never', false);
-- Get scheduling info deprovision (Should NOT be in list of provisioned ok meetings, since new provisioner = true)
INSERT INTO scheduling_info (id, uuid, host_pin, guest_pin, vmravailable_before, vmrstart_time, max_participants, end_meeting_on_end_time, uri_with_domain, uri_without_domain, scheduling_template_id, provision_status, provision_status_description, provision_timestamp,  provisionvmrid, meetings_id, portal_link, ivr_theme, created_by, created_time, updated_by, updated_time, organisation_id, pool_overflow, vmr_type, host_view, guest_view, vmr_quality, enable_overlay_text, guests_can_present, force_presenter_into_main, force_encryption, mute_all_guests, uri_domain, custom_portal_guest, custom_portal_host, return_url, direct_media, new_provisioner)
    VALUES (403, (select uuid from meetings where id = 303), 1001, 2001, 15, '2018-10-02 14:45:00', 10, 1, '4002@test.dk', '4002', 202, 'PROVISIONED_OK', 'all ok', '2018-10-02 14:45:33', null, 303, 'https://portal-test.vconf.dk/?url=4002@test.dk&pin=2001&start_dato=2018-10-02T15:00:00&microphone=on', '/api/admin/configuration/v1/ivr_theme/10/', 104, NULL, NULL, NULL, 12, 0, 'conference', 'one_main_seven_pips', 'one_main_seven_pips', 'hd', true, true, true, false, false, 'test.dk', 'custom_portal_guest', 'custom_portal_host', 'return_url', 'never', true);
-- Put scheduling info, get scheduling info by vmrstart_time and provision_status
INSERT INTO scheduling_info (id, uuid, host_pin, guest_pin, vmravailable_before, vmrstart_time, max_participants, end_meeting_on_end_time, uri_with_domain, uri_without_domain, scheduling_template_id, provision_status, provision_status_description, provision_timestamp,  provisionvmrid, meetings_id, portal_link, ivr_theme, created_by, created_time, updated_by, updated_time, organisation_id, pool_overflow, vmr_type, host_view, guest_view, vmr_quality, enable_overlay_text, guests_can_present, force_presenter_into_main, force_encryption, mute_all_guests, uri_domain, direct_media, new_provisioner)
    VALUES (404, (select uuid from meetings where id = 304), 1001, 2001, 20, '2025-11-02 14:40:00', 10, 1, '4003@test.dk', '4003', 202, 'AWAITS_PROVISION', '', null, null, 304, 'https://portal-test.vconf.dk/?url=4003@test.dk&pin=2001&start_dato=2020-11-02T15:00:00&microphone=on', '/api/admin/configuration/v1/ivr_theme/10/', 103, '2018-09-02 15:00:00', 103, '2018-09-02 15:00:00', 1, 0, 'conference', 'one_main_seven_pips', 'one_main_seven_pips', 'hd', true, true, true, false, false, 'test.dk', 'never', true);
-- Get scheduling info deprovision, get scheduling info by uuid
INSERT INTO scheduling_info (id, uuid, host_pin, guest_pin, vmravailable_before, vmrstart_time, max_participants, end_meeting_on_end_time, uri_with_domain, uri_without_domain, scheduling_template_id, provision_status, provision_status_description, provision_timestamp,  provisionvmrid, meetings_id, portal_link, ivr_theme, created_by, created_time, updated_by, updated_time, organisation_id, pool_overflow, vmr_type, host_view, guest_view, vmr_quality, enable_overlay_text, guests_can_present, force_presenter_into_main, force_encryption, mute_all_guests, uri_domain, custom_portal_guest, custom_portal_host, return_url, direct_media)
    VALUES (405, (select uuid from meetings where id = 305), 1001, 2001, 15, '2018-10-02 14:45:00', 10, 1, '4004@test.dk', '4004', 201, 'PROVISIONED_OK', 'all ok', '2018-10-02 14:45:33', null, 305, 'https://portal-test.vconf.dk/?url=4004@test.dk&pin=2001&start_dato=2018-10-02T15:00:00&microphone=on', '/api/admin/configuration/v1/ivr_theme/10/', 103, '2018-09-02 15:00:00', NULL, NULL, 1, 0, 'conference', 'one_main_seven_pips', 'one_main_seven_pips', 'hd', true, true, true, false, false, 'test.dk', 'custom_portal_guest', 'custom_portal_host', 'return_url', 'never');
-- Get meeting by uri, get scheduling info by vmrstart_time and provision_status
INSERT INTO scheduling_info (id, uuid, host_pin, guest_pin, vmravailable_before, vmrstart_time, max_participants, end_meeting_on_end_time, uri_with_domain, uri_without_domain, scheduling_template_id, provision_status, provision_status_description, provision_timestamp,  provisionvmrid, meetings_id, portal_link, ivr_theme, created_by, created_time, updated_by, updated_time, organisation_id, pool_overflow, vmr_type, host_view, guest_view, vmr_quality, enable_overlay_text, guests_can_present, force_presenter_into_main, force_encryption, mute_all_guests, uri_domain, direct_media, new_provisioner)
    VALUES (406, (select uuid from meetings where id = 306), 1001, 2001, 20, '2025-01-02 14:40:00', 10, 1, '4005@test.dk', '4005', 202, 'AWAITS_PROVISION', '', null, null, 306, 'https://portal-test.vconf.dk/?url=4005@test.dk&pin=2001&start_dato=2020-11-02T15:00:00&microphone=on', '/api/admin/configuration/v1/ivr_theme/10/', 103, '2018-09-02 15:00:00', 103, '2018-09-02 15:00:00', 1, 0, 'conference', 'one_main_seven_pips', 'one_main_seven_pips', 'hd', true, true, true, false, false, 'test.dk', 'never', true);
-- Not acceptable exception when delete meeting
INSERT INTO scheduling_info (id, uuid, host_pin, guest_pin, vmravailable_before, vmrstart_time, max_participants, end_meeting_on_end_time, uri_with_domain, uri_without_domain, scheduling_template_id, provision_status, provision_status_description, provision_timestamp,  provisionvmrid, meetings_id, portal_link, ivr_theme, created_by, created_time, updated_by, updated_time, organisation_id, pool_overflow, vmr_type, host_view, guest_view, vmr_quality, enable_overlay_text, guests_can_present, force_presenter_into_main, force_encryption, mute_all_guests, uri_domain, direct_media)
    VALUES (407, (select uuid from meetings where id = 307), 1001, 2001, 15, '2018-10-02 14:45:00', 10, 1, '4006@test.dk', '4006', 201, 'PROVISIONED_OK', 'all ok', '2018-10-02 14:45:33', null, 307, 'https://portal-test.vconf.dk/?url=4006@test.dk&pin=2001&start_dato=2018-10-02T15:00:00&microphone=on', '/api/admin/configuration/v1/ivr_theme/10/', 103, '2018-09-02 15:00:00', NULL, NULL, 1, 0, 'conference', 'one_main_seven_pips', 'one_main_seven_pips', 'hd', true, true, true, false, false, 'test.dk', 'never');
-- Get scheduling info provision
INSERT INTO scheduling_info (id, uuid, host_pin, guest_pin, vmravailable_before, vmrstart_time, max_participants, end_meeting_on_end_time, uri_with_domain, uri_without_domain, scheduling_template_id, provision_status, provision_status_description, provision_timestamp,  provisionvmrid, meetings_id, portal_link, ivr_theme, created_by, created_time, updated_by, updated_time, organisation_id, pool_overflow, vmr_type, host_view, guest_view, vmr_quality, enable_overlay_text, guests_can_present, force_presenter_into_main, force_encryption, mute_all_guests, uri_domain, direct_media, new_provisioner)
    VALUES (408, (select uuid from meetings where id = 308), 1001, 2001, 20, '2020-11-02 14:40:00', 10, 1, '4007@test.dk', '4007', 202, 'AWAITS_PROVISION', '', null, null, 308, 'https://portal-test.vconf.dk/?url=4007@test.dk&pin=2001&start_dato=2020-11-02T15:00:00&microphone=on', '/api/admin/configuration/v1/ivr_theme/10/', 104, '2018-09-02 15:00:00', 104, '2018-09-02 15:00:00', 12, 0, 'conference', 'one_main_seven_pips', 'one_main_seven_pips', 'hd', true, true, true, false, false, 'test.dk', 'never', false);
-- Get scheduling info provision (Should NOT be in list of awaits provision meetings, since new provisioner = true)
INSERT INTO scheduling_info (id, uuid, host_pin, guest_pin, vmravailable_before, vmrstart_time, max_participants, end_meeting_on_end_time, uri_with_domain, uri_without_domain, scheduling_template_id, provision_status, provision_status_description, provision_timestamp,  provisionvmrid, meetings_id, portal_link, ivr_theme, created_by, created_time, updated_by, updated_time, organisation_id, pool_overflow, vmr_type, host_view, guest_view, vmr_quality, enable_overlay_text, guests_can_present, force_presenter_into_main, force_encryption, mute_all_guests, uri_domain, direct_media, new_provisioner)
    VALUES (409, (select uuid from meetings where id = 309), 1001, 2001, 20, '2020-11-02 14:40:00', 10, 1, '4008@test.dk', '4008', 202, 'AWAITS_PROVISION', '', null, null, 309, 'https://portal-test.vconf.dk/?url=4008@test.dk&pin=2001&start_dato=2020-11-02T15:00:00&microphone=on', '/api/admin/configuration/v1/ivr_theme/10/', 104, '2018-09-02 15:00:00', 104, '2018-09-02 15:00:00', 12, 0, 'conference', 'one_main_seven_pips', 'one_main_seven_pips', 'hd', true, true, true, false, false, 'test.dk', 'never', true);
-- Delete meeting
INSERT INTO scheduling_info (id, uuid, host_pin, guest_pin, vmravailable_before, vmrstart_time, max_participants, end_meeting_on_end_time, uri_with_domain, uri_without_domain, scheduling_template_id, provision_status, provision_status_description, provision_timestamp,  provisionvmrid, meetings_id, portal_link, ivr_theme, created_by, created_time, updated_by, updated_time, organisation_id, pool_overflow, vmr_type, host_view, guest_view, vmr_quality, enable_overlay_text, guests_can_present, force_presenter_into_main, force_encryption, mute_all_guests, uri_domain, direct_media, new_provisioner)
    VALUES (410, (select uuid from meetings where id = 310), 1001, 2001, 20, '2020-11-02 14:40:00', 10, 1, '4009@test.dk', '4009', 202, 'AWAITS_PROVISION', '', null, null, 310, 'https://portal-test.vconf.dk/?url=4009@test.dk&pin=2001&start_dato=2020-11-02T15:00:00&microphone=on', '/api/admin/configuration/v1/ivr_theme/10/', 103, '2018-09-02 15:00:00', 103, '2018-09-02 15:00:00', 1, 0, 'conference', 'one_main_seven_pips', 'one_main_seven_pips', 'hd', true, true, true, false, false, 'test.dk', 'never', true);
-- Put meeting
INSERT INTO scheduling_info (id, uuid, host_pin, guest_pin, vmravailable_before, vmrstart_time, max_participants, end_meeting_on_end_time, uri_with_domain, uri_without_domain, scheduling_template_id, provision_status, provision_status_description, provision_timestamp,  provisionvmrid, meetings_id, portal_link, ivr_theme, created_by, created_time, updated_by, updated_time, organisation_id, pool_overflow, vmr_type, host_view, guest_view, vmr_quality, enable_overlay_text, guests_can_present, force_presenter_into_main, force_encryption, mute_all_guests, uri_domain, direct_media, new_provisioner)
    VALUES (411, (select uuid from meetings where id = 311), 1001, 2001, 20, '2020-11-02 14:40:00', 10, 1, '4010@test.dk', '4010', 202, 'AWAITS_PROVISION', '', null, null, 311, 'https://portal-test.vconf.dk/?url=4010@test.dk&pin=2001&start_dato=2020-11-02T15:00:00&microphone=on', '/api/admin/configuration/v1/ivr_theme/10/', 103, '2018-09-02 15:00:00', 103, '2018-09-02 15:00:00', 1, 0, 'conference', 'one_main_seven_pips', 'one_main_seven_pips', 'hd', true, true, true, false, false, 'test.dk', 'never', true);
-- Patch meeting
INSERT INTO scheduling_info (id, uuid, host_pin, guest_pin, vmravailable_before, vmrstart_time, max_participants, end_meeting_on_end_time, uri_with_domain, uri_without_domain, scheduling_template_id, provision_status, provision_status_description, provision_timestamp,  provisionvmrid, meetings_id, portal_link, ivr_theme, created_by, created_time, updated_by, updated_time, organisation_id, pool_overflow, vmr_type, host_view, guest_view, vmr_quality, enable_overlay_text, guests_can_present, force_presenter_into_main, force_encryption, mute_all_guests, uri_domain, direct_media, new_provisioner)
    VALUES (412, (select uuid from meetings where id = 312), 1001, 2001, 20, '2020-11-02 14:40:00', 10, 1, '4011@test.dk', '4011', 202, 'AWAITS_PROVISION', '', null, null, 312, 'https://portal-test.vconf.dk/?url=4011@test.dk&pin=2001&start_dato=2020-11-02T15:00:00&microphone=on', '/api/admin/configuration/v1/ivr_theme/10/', 103, '2018-09-02 15:00:00', 103, '2018-09-02 15:00:00', 1, 0, 'conference', 'one_main_seven_pips', 'one_main_seven_pips', 'hd', true, true, true, false, false, 'test.dk', 'never', true);
-- Get scheduling info by reservation_id
INSERT INTO scheduling_info (id, uuid, host_pin, guest_pin, vmravailable_before, vmrstart_time, max_participants, end_meeting_on_end_time, uri_with_domain, uri_without_domain, scheduling_template_id, provision_status, provision_status_description, provision_timestamp,  provisionvmrid, meetings_id, portal_link, ivr_theme, created_by, created_time, updated_by, updated_time, organisation_id, reservation_id, pool_overflow, vmr_type, host_view, guest_view, vmr_quality, enable_overlay_text, guests_can_present, force_presenter_into_main, force_encryption, mute_all_guests, uri_domain, direct_media, new_provisioner)
    VALUES (413, 'e96b8928-cd76-5bd1-937d-7d7cb77f27f7', 1001, 2001, 20, '2020-11-02 14:40:00', 10, 1, '4012@test.dk', '4012', 202, 'AWAITS_PROVISION', '', null, null, null, 'https://portal-test.vconf.dk/?url=4012@test.dk&pin=2001&start_dato=2020-11-02T15:00:00&microphone=on', '/api/admin/configuration/v1/ivr_theme/10/', 103, '2018-09-02 15:00:00', 103, '2018-09-02 15:00:00', 1, '5af163cb-f769-44c5-811e-7d7cb77f27f7', 0, 'conference', 'one_main_seven_pips', 'one_main_seven_pips', 'hd', true, true, true, false, false, 'test.dk', 'never', true);
-- Reserve scheduling info with default values / use reserved scheduling info
INSERT INTO scheduling_info (id, uuid, host_pin, guest_pin, vmravailable_before, vmrstart_time, max_participants, end_meeting_on_end_time, uri_with_domain, uri_without_domain, scheduling_template_id, provision_status, provision_status_description, provision_timestamp,  provisionvmrid, meetings_id, portal_link, ivr_theme, created_by, created_time, updated_by, updated_time, organisation_id, pool_overflow, vmr_type, host_view, guest_view, vmr_quality, enable_overlay_text, guests_can_present, force_presenter_into_main, force_encryption, mute_all_guests, uri_domain, direct_media)
    VALUES (414, uuid(), 1001, 2001, 15, '2018-10-02 14:45:00', 10, 1, '4013@test.dk', '4013', 201, 'PROVISIONED_OK', 'all ok', '2018-10-02 14:45:33', null, null, 'https://portal-test.vconf.dk/?url=4013@test.dk&pin=2001&start_dato=2018-10-02T15:00:00&microphone=on', '/api/admin/configuration/v1/ivr_theme/10/', 103, '2018-09-02 15:00:00', NULL, NULL, 1, 0, 'conference', 'one_main_seven_pips', 'one_main_seven_pips', 'hd', true, true, true, false, false, 'test.dk', 'never');
-- Reserve scheduling info with default values / use reserved scheduling info
INSERT INTO scheduling_info (id, uuid, host_pin, guest_pin, vmravailable_before, vmrstart_time, max_participants, end_meeting_on_end_time, uri_with_domain, uri_without_domain, scheduling_template_id, provision_status, provision_status_description, provision_timestamp,  provisionvmrid, meetings_id, portal_link, ivr_theme, created_by, created_time, updated_by, updated_time, organisation_id, pool_overflow, vmr_type, host_view, guest_view, vmr_quality, enable_overlay_text, guests_can_present, force_presenter_into_main, force_encryption, mute_all_guests, uri_domain, direct_media)
    VALUES (415, uuid(), 1001, 2001, 15, '2018-10-02 14:45:00', 10, 1, '4014@test.dk', '4014', 201, 'PROVISIONED_OK', 'all ok', '2018-10-02 14:45:33', null, null, 'https://portal-test.vconf.dk/?url=4014@test.dk&pin=2001&start_dato=2018-10-02T15:00:00&microphone=on', '/api/admin/configuration/v1/ivr_theme/10/', 103, '2018-09-02 15:00:00', NULL, NULL, 1, 0, 'conference', 'one_main_seven_pips', 'one_main_seven_pips', 'hd', true, true, true, false, false, 'test.dk', 'never');
-- Reserve scheduling info with vmr type 'lecture' and vmr quality 'full hd', the remaining parameters should be the default values
INSERT INTO scheduling_info (id, uuid, host_pin, guest_pin, vmravailable_before, vmrstart_time, max_participants, end_meeting_on_end_time, uri_with_domain, uri_without_domain, scheduling_template_id, provision_status, provision_status_description, provision_timestamp,  provisionvmrid, meetings_id, portal_link, ivr_theme, created_by, created_time, updated_by, updated_time, organisation_id, pool_overflow, vmr_type, host_view, guest_view, vmr_quality, enable_overlay_text, guests_can_present, force_presenter_into_main, force_encryption, mute_all_guests, uri_domain, direct_media)
    VALUES (416, uuid(), 1001, 2001, 15, '2018-10-02 14:45:00', 10, 1, '4015@test.dk', '4015', 201, 'PROVISIONED_OK', 'all ok', '2018-10-02 14:45:33', null, null, 'https://portal-test.vconf.dk/?url=4015@test.dk&pin=2001&start_dato=2018-10-02T15:00:00&microphone=on', '/api/admin/configuration/v1/ivr_theme/10/', 103, '2018-09-02 15:00:00', NULL, NULL, 1, 0, 'lecture', 'one_main_seven_pips', 'one_main_seven_pips', 'fullhd', true, true, true, false, false, 'test.dk', 'never');

-- * meeting_labels * (id, meeting_id, label)
INSERT INTO meeting_labels (id, meeting_id, label) VALUES (501, 301, "this is a label");
INSERT INTO meeting_labels (id, meeting_id, label) VALUES (502, 302, "this is a label");

-- * scheduling_status * (id, time_stamp, provision_status, meetings_id, provision_status_description)

-- * pool_history * (id, organisation_code, desired_pool_size, available_pool_rooms, status_time, created_time)

-- * meeting_additional_info * (id, meeting_id, info_key, info_value, created_time)